,fold,epoch,train_loss,train_accuracy,val_accuracy,val_test_accuracy
0,0.0,0.0,0.09674751866259612,0.775,0.44166666666666665,0.32142857142857145
1,1.0,0.0,0.038678340846672654,0.8333333333333334,0.4708333333333333,0.3
