,fold,epoch,train_loss,train_accuracy,val_accuracy,val_test_accuracy
0,0.0,1.0,0.14701587724266574,0.85,0.4666666666666667,0.29285714285714287
1,1.0,1.0,0.005311721962073079,0.9291666666666667,0.6583333333333333,0.30714285714285716
