,fold,n.epoch,train_loss,train_accuracy,val_accuracy,val_test_accuracy
0,0.0,2.0,0.13715300501644379,0.8333333333333334,0.48333333333333334,0.32142857142857145
1,1.0,2.0,0.005111497823236277,0.9541666666666667,0.6958333333333333,0.34285714285714286
