,fold,n.epoch,train_loss,train_accuracy,val_accuracy,val_test_accuracy
0,0.0,50.0,0.0013490224810084328,0.9958333333333333,0.4791666666666667,0.2642857142857143
1,1.0,50.0,0.0005625000194413587,1.0,0.9,0.2857142857142857
